Quantity,Name,Simple Name,Set,Card Number,Set Code,Printing,Condition,Language,Rarity,Product ID,SKU
1,Mossfire Valley,Mossfire Valley,Commander Legends: Battle for Baldur's Gate,901,CLB,Normal,Near Mint,English,Rare,273784,5658751
1,Aqueous Form,Aqueous Form,Theros,39,THS,Normal,Near Mint,English,Common,71316,1133783
1,Ferocious Pup,Ferocious Pup,Core Set 2020,171,M20,Normal,Near Mint,English,Common,192619,4100524
1,"Kaya, Bane of the Dead","Kaya, Bane of the Dead",War of the Spark,231,WAR,Normal,Near Mint,English,Uncommon,187180,3989902
1,Rowan's Grim Search,Rowan's Grim Search,Wilds of Eldraine,104,WOE,Normal,Near Mint,English,Common,512210,7357192
1,Red Sun's Twilight,Red Sun's Twilight,Phyrexia: All Will Be One,145,ONE,Normal,Near Mint,English,Rare,479613,6964999
1,Glass Casket,Glass Casket,Wilds of Eldraine,16,WOE,Normal,Near Mint,English,Uncommon,512190,7356267
1,"Bosh, Iron Golem","Bosh, Iron Golem",Commander 2018,198,C18,Normal,Near Mint,English,Rare,171110,3808313
1,Invasion of Kaladesh,Invasion of Kaladesh,March of the Machine,234,MOM,Normal,Near Mint,English,Uncommon,490504,7052356
